{
  "model_0_alpha": {
    "type": "Scalar",
    "bounds": [
      [
        0.01
      ],
      [
        0.1
      ]
    ],
    "init": 0.06792008267848397,
    "sigma": 0.014999999999999996
  },
  "model_0_momentum_factor": {
    "type": "Scalar",
    "bounds": [
      [
        2.0
      ],
      [
        4.0
      ]
    ],
    "init": 2.637901525514732,
    "sigma": 0.3333333333333333
  },
  "model_1_factor": {
    "type": "Scalar",
    "bounds": [
      [
        0.5
      ],
      [
        2.5
      ]
    ],
    "init": 1.3721706661659678,
    "sigma": 0.3333333333333333
  },
  "model_2_factor": {
    "type": "Scalar",
    "bounds": [
      [
        1.0
      ],
      [
        2.5
      ]
    ],
    "init": 1.4588062689222714,
    "sigma": 0.24999999999999997
  }
}